{"paths": {"admin/js/vendor/select2/i18n/ru.js": "admin/js/vendor/select2/i18n/ru.962f048c22f2.js", "admin/js/vendor/select2/i18n/el.js": "admin/js/vendor/select2/i18n/el.01c46bf8c8b3.js", "admin/js/vendor/select2/i18n/tr.js": "admin/js/vendor/select2/i18n/tr.dc697d893beb.js", "admin/js/vendor/select2/i18n/ja.js": "admin/js/vendor/select2/i18n/ja.442146837f55.js", "admin/js/vendor/select2/i18n/hy.js": "admin/js/vendor/select2/i18n/hy.4c655f53f4e1.js", "admin/js/vendor/select2/i18n/de.js": "admin/js/vendor/select2/i18n/de.630e81c65a7b.js", "admin/js/vendor/select2/i18n/is.js": "admin/js/vendor/select2/i18n/is.a8a13c9122d7.js", "admin/js/vendor/select2/i18n/hr.js": "admin/js/vendor/select2/i18n/hr.68583e607f1e.js", "admin/js/vendor/select2/i18n/bn.js": "admin/js/vendor/select2/i18n/bn.b33721dc9b8a.js", "admin/js/vendor/select2/i18n/bs.js": "admin/js/vendor/select2/i18n/bs.debce43cfca2.js", "admin/js/vendor/select2/i18n/nb.js": "admin/js/vendor/select2/i18n/nb.e535138ca26b.js", "admin/js/vendor/select2/i18n/sv.js": "admin/js/vendor/select2/i18n/sv.725800c5e8fc.js", "admin/js/vendor/select2/i18n/lv.js": "admin/js/vendor/select2/i18n/lv.30bfb7fc3b63.js", "admin/js/vendor/select2/i18n/ar.js": "admin/js/vendor/select2/i18n/ar.7dcfd5775174.js", "admin/js/vendor/select2/i18n/gl.js": "admin/js/vendor/select2/i18n/gl.e2766036e78a.js", "admin/js/vendor/select2/i18n/ms.js": "admin/js/vendor/select2/i18n/ms.ade6aba46542.js", "admin/js/vendor/select2/i18n/lt.js": "admin/js/vendor/select2/i18n/lt.2c390a6bf650.js", "admin/js/vendor/select2/i18n/hu.js": "admin/js/vendor/select2/i18n/hu.9edad4c24fd0.js", "admin/js/vendor/select2/i18n/sk.js": "admin/js/vendor/select2/i18n/sk.34019208b835.js", "admin/js/vendor/select2/i18n/cs.js": "admin/js/vendor/select2/i18n/cs.edd7167cdcb6.js", "admin/js/vendor/select2/i18n/zh-CN.js": "admin/js/vendor/select2/i18n/zh-CN.bde34fa3f064.js", "admin/js/vendor/select2/i18n/ne.js": "admin/js/vendor/select2/i18n/ne.f61bf00bc3fe.js", "admin/js/vendor/select2/i18n/uk.js": "admin/js/vendor/select2/i18n/uk.e05ad5df6258.js", "admin/js/vendor/select2/i18n/fi.js": "admin/js/vendor/select2/i18n/fi.2858f3167855.js", "admin/js/vendor/select2/i18n/pt-BR.js": "admin/js/vendor/select2/i18n/pt-BR.455adefc2984.js", "admin/js/vendor/select2/i18n/sq.js": "admin/js/vendor/select2/i18n/sq.abf2d34b255a.js", "admin/js/vendor/select2/i18n/sr.js": "admin/js/vendor/select2/i18n/sr.c9f16b9e0f93.js", "admin/js/vendor/select2/i18n/vi.js": "admin/js/vendor/select2/i18n/vi.0a60056920fc.js", "admin/js/vendor/select2/i18n/et.js": "admin/js/vendor/select2/i18n/et.32b0b17ba1a9.js", "admin/js/vendor/select2/i18n/zh-TW.js": "admin/js/vendor/select2/i18n/zh-TW.e727260f7094.js", "admin/js/vendor/select2/i18n/hsb.js": "admin/js/vendor/select2/i18n/hsb.50caaee90a0d.js", "admin/js/vendor/select2/i18n/en.js": "admin/js/vendor/select2/i18n/en.aed9bad15375.js", "admin/js/vendor/select2/i18n/he.js": "admin/js/vendor/select2/i18n/he.4d933538516a.js", "admin/js/vendor/select2/i18n/ka.js": "admin/js/vendor/select2/i18n/ka.8ea0684cc301.js", "admin/js/vendor/select2/i18n/fa.js": "admin/js/vendor/select2/i18n/fa.1738b003dd26.js", "admin/js/vendor/select2/i18n/tk.js": "admin/js/vendor/select2/i18n/tk.5042dc8eca8e.js", "admin/js/vendor/select2/i18n/ko.js": "admin/js/vendor/select2/i18n/ko.82358a9b6840.js", "admin/js/vendor/select2/i18n/it.js": "admin/js/vendor/select2/i18n/it.110a0fa84968.js", "admin/js/vendor/select2/i18n/km.js": "admin/js/vendor/select2/i18n/km.8c337905305d.js", "admin/js/vendor/select2/i18n/da.js": "admin/js/vendor/select2/i18n/da.6bbc262044b3.js", "admin/js/vendor/select2/i18n/bg.js": "admin/js/vendor/select2/i18n/bg.096f4410173b.js", "admin/js/vendor/select2/i18n/mk.js": "admin/js/vendor/select2/i18n/mk.92f1d29581b7.js", "admin/js/vendor/select2/i18n/ps.js": "admin/js/vendor/select2/i18n/ps.de1a40c46c09.js", "admin/js/vendor/select2/i18n/pt.js": "admin/js/vendor/select2/i18n/pt.5b4ec8cb5b23.js", "admin/js/vendor/select2/i18n/af.js": "admin/js/vendor/select2/i18n/af.c4a5cbd6a23f.js", "admin/js/vendor/select2/i18n/eu.js": "admin/js/vendor/select2/i18n/eu.6c45eaf416fe.js", "admin/js/vendor/select2/i18n/sr-Cyrl.js": "admin/js/vendor/select2/i18n/sr-Cyrl.116365a2de65.js", "admin/js/vendor/select2/i18n/es.js": "admin/js/vendor/select2/i18n/es.8b21ebdb01ee.js", "admin/js/vendor/select2/i18n/nl.js": "admin/js/vendor/select2/i18n/nl.674c0d3da68d.js", "admin/js/vendor/select2/i18n/pl.js": "admin/js/vendor/select2/i18n/pl.a10ee9248c07.js", "admin/js/vendor/select2/i18n/hi.js": "admin/js/vendor/select2/i18n/hi.f81e979ec25f.js", "admin/js/vendor/select2/i18n/ca.js": "admin/js/vendor/select2/i18n/ca.60f20182ff18.js", "admin/js/vendor/select2/i18n/th.js": "admin/js/vendor/select2/i18n/th.b013804dae9c.js", "admin/js/vendor/select2/i18n/ro.js": "admin/js/vendor/select2/i18n/ro.ea7e3b822b06.js", "admin/js/vendor/select2/i18n/sl.js": "admin/js/vendor/select2/i18n/sl.a5e262c643f2.js", "admin/js/vendor/select2/i18n/az.js": "admin/js/vendor/select2/i18n/az.1804c238d269.js", "admin/js/vendor/select2/i18n/dsb.js": "admin/js/vendor/select2/i18n/dsb.9c2742bfc55a.js", "admin/js/vendor/select2/i18n/fr.js": "admin/js/vendor/select2/i18n/fr.6129248732b9.js", "admin/js/vendor/select2/i18n/id.js": "admin/js/vendor/select2/i18n/id.322604a430a5.js", "admin/css/vendor/select2/select2.css": "admin/css/vendor/select2/select2.fd9fe49d3d91.css", "admin/css/vendor/select2/LICENSE-SELECT2.md": "admin/css/vendor/select2/LICENSE-SELECT2.f94142512c91.md", "admin/css/vendor/select2/select2.min.css": "admin/css/vendor/select2/select2.min.af22a7e2bfec.css", "admin/js/vendor/select2/select2.full.js": "admin/js/vendor/select2/select2.full.d379d5235584.js", "admin/js/vendor/select2/LICENSE.md": "admin/js/vendor/select2/LICENSE.f94142512c91.md", "admin/js/vendor/select2/select2.full.min.js": "admin/js/vendor/select2/select2.full.min.68e8d8f673b7.js", "admin/js/vendor/xregexp/xregexp.js": "admin/js/vendor/xregexp/xregexp.1865b1cf5085.js", "admin/js/vendor/xregexp/LICENSE.txt": "admin/js/vendor/xregexp/LICENSE.d64cecf4f157.txt", "admin/js/vendor/xregexp/xregexp.min.js": "admin/js/vendor/xregexp/xregexp.min.c95393b8ca4d.js", "admin/js/vendor/jquery/LICENSE.txt": "admin/js/vendor/jquery/LICENSE.75308107741f.txt", "admin/js/vendor/jquery/jquery.min.js": "admin/js/vendor/jquery/jquery.min.dc5e7f18c8d3.js", "admin/js/vendor/jquery/jquery.js": "admin/js/vendor/jquery/jquery.23c7c5d2d131.js", "admin/js/admin/DateTimeShortcuts.js": "admin/js/admin/DateTimeShortcuts.a9c6d180860b.js", "admin/js/admin/RelatedObjectLookups.js": "admin/js/admin/RelatedObjectLookups.ea0683bea064.js", "admin/img/gis/move_vertex_on.svg": "admin/img/gis/move_vertex_on.0047eba25b67.svg", "admin/img/gis/move_vertex_off.svg": "admin/img/gis/move_vertex_off.7a23bf31ef8a.svg", "rest_framework/docs/css/highlight.css": "rest_framework/docs/css/highlight.e0e4d973c6d7.css", "rest_framework/docs/css/base.css": "rest_framework/docs/css/base.3208b6cc4466.css", "rest_framework/docs/css/jquery.json-view.min.css": "rest_framework/docs/css/jquery.json-view.min.a2e6beeb6710.css", "rest_framework/docs/js/jquery.json-view.min.js": "rest_framework/docs/js/jquery.json-view.min.b7c2d6981377.js", "rest_framework/docs/js/api.js": "rest_framework/docs/js/api.c9743eab7a4f.js", "rest_framework/docs/js/highlight.pack.js": "rest_framework/docs/js/highlight.pack.479b5f21dcba.js", "rest_framework/docs/img/favicon.ico": "rest_framework/docs/img/favicon.5195b4d0f3eb.ico", "rest_framework/docs/img/grid.png": "rest_framework/docs/img/grid.a4b938cf382b.png", "admin/fonts/LICENSE.txt": "admin/fonts/LICENSE.d273d63619c9.txt", "admin/fonts/Roboto-Regular-webfont.woff": "admin/fonts/Roboto-Regular-webfont.35b07eb2f871.woff", "admin/fonts/Roboto-Bold-webfont.woff": "admin/fonts/Roboto-Bold-webfont.50d75e48e0a3.woff", "admin/fonts/Roboto-Light-webfont.woff": "admin/fonts/Roboto-Light-webfont.c73eb1ceba33.woff", "admin/fonts/README.txt": "admin/fonts/README.ab99e6b541ea.txt", "admin/css/dashboard.css": "admin/css/dashboard.7ac78187c567.css", "admin/css/changelists.css": "admin/css/changelists.cfe316f81936.css", "admin/css/base.css": "admin/css/base.ae33e6383baa.css", "admin/css/widgets.css": "admin/css/widgets.8874c301e7bc.css", "admin/css/responsive.css": "admin/css/responsive.755ce0b07393.css", "admin/css/forms.css": "admin/css/forms.9f1ffc442e9a.css", "admin/css/autocomplete.css": "admin/css/autocomplete.781713f30664.css", "admin/css/fonts.css": "admin/css/fonts.168bab448fee.css", "admin/css/rtl.css": "admin/css/rtl.30f903442dc5.css", "admin/css/login.css": "admin/css/login.252ffabd6548.css", "admin/css/responsive_rtl.css": "admin/css/responsive_rtl.51c7445ceeff.css", "admin/js/prepopulate.js": "admin/js/prepopulate.2f90da7170ec.js", "admin/js/jquery.init.js": "admin/js/jquery.init.95b62fa19378.js", "admin/js/prepopulate_init.js": "admin/js/prepopulate_init.0d3b53c37074.js", "admin/js/inlines.min.js": "admin/js/inlines.min.6d6c2416646e.js", "admin/js/popup_response.js": "admin/js/popup_response.6ce3197f8fc8.js", "admin/js/SelectFilter2.js": "admin/js/SelectFilter2.c26733924aea.js", "admin/js/change_form.js": "admin/js/change_form.9e85003a1a38.js", "admin/js/cancel.js": "admin/js/cancel.a2c3149a1c5e.js", "admin/js/collapse.js": "admin/js/collapse.c5b851e91226.js", "admin/js/actions.js": "admin/js/actions.8d83e3af0fbd.js", "admin/js/calendar.js": "admin/js/calendar.aae57adab5f6.js", "admin/js/prepopulate.min.js": "admin/js/prepopulate.min.85fd5e0fb706.js", "admin/js/urlify.js": "admin/js/urlify.67bae52223e0.js", "admin/js/actions.min.js": "admin/js/actions.min.5fa8cb0403f1.js", "admin/js/inlines.js": "admin/js/inlines.12d1af430335.js", "admin/js/autocomplete.js": "admin/js/autocomplete.cfd2c4dc8981.js", "admin/js/SelectBox.js": "admin/js/SelectBox.99d0cfd2e80c.js", "admin/js/collapse.min.js": "admin/js/collapse.min.44dfdb427845.js", "admin/js/core.js": "admin/js/core.ea39b3bd34c3.js", "admin/img/icon-unknown.svg": "admin/img/icon-unknown.a18cb4398978.svg", "admin/img/icon-clock.svg": "admin/img/icon-clock.e1d4dfac3f2b.svg", "admin/img/icon-yes.svg": "admin/img/icon-yes.d2f9f035226a.svg", "admin/img/icon-changelink.svg": "admin/img/icon-changelink.18d2fd706348.svg", "admin/img/icon-viewlink.svg": "admin/img/icon-viewlink.41eb31f7826e.svg", "admin/img/icon-unknown-alt.svg": "admin/img/icon-unknown-alt.81536e128bb6.svg", "admin/img/icon-addlink.svg": "admin/img/icon-addlink.d519b3bab011.svg", "admin/img/icon-alert.svg": "admin/img/icon-alert.034cc7d8a67f.svg", "admin/img/icon-calendar.svg": "admin/img/icon-calendar.ac7aea671bea.svg", "admin/img/sorting-icons.svg": "admin/img/sorting-icons.3a097b59f104.svg", "admin/img/search.svg": "admin/img/search.7cf54ff789c6.svg", "admin/img/LICENSE": "admin/img/LICENSE.2c54f4e1ca1c", "admin/img/icon-deletelink.svg": "admin/img/icon-deletelink.564ef9dc3854.svg", "admin/img/calendar-icons.svg": "admin/img/calendar-icons.39b290681a8b.svg", "admin/img/icon-no.svg": "admin/img/icon-no.439e821418cd.svg", "admin/img/tooltag-arrowright.svg": "admin/img/tooltag-arrowright.bbfb788a849e.svg", "admin/img/inline-delete.svg": "admin/img/inline-delete.fec1b761f254.svg", "admin/img/README.txt": "admin/img/README.a70711a38d87.txt", "admin/img/tooltag-add.svg": "admin/img/tooltag-add.e59d620a9742.svg", "admin/img/selector-icons.svg": "admin/img/selector-icons.b4555096cea2.svg", "images/room-backgrounds/science.jpg": "images/room-backgrounds/science.ef867d79b4b9.jpg", "images/room-backgrounds/literature.jpg": "images/room-backgrounds/literature.a9112a210f7d.jpg", "images/room-backgrounds/arts.jpg": "images/room-backgrounds/arts.181079102367.jpg", "images/room-backgrounds/history.jpg": "images/room-backgrounds/history.6933541f44a3.jpg", "images/room-backgrounds/computer.jpg": "images/room-backgrounds/computer.c94c4858a997.jpg", "images/room-backgrounds/math.jpg": "images/room-backgrounds/math.e74121e0e8c7.jpg", "images/room-backgrounds/pe.jpg": "images/room-backgrounds/pe.aa238a7746b5.jpg", "images/home/people-731.jpg": "images/home/people-731.40aef5225096.jpg", "images/home/files-990.jpg": "images/home/files-990.b303212de318.jpg", "images/home/notifications-731.jpg": "images/home/notifications-731.45d74a823305.jpg", "images/home/rooms-320.jpg": "images/home/rooms-320.a9bf22686355.jpg", "images/home/files-320.jpg": "images/home/files-320.b303212de318.jpg", "images/home/rooms-990.jpg": "images/home/rooms-990.1e1d3bb2aac5.jpg", "images/home/announcements-320.jpg": "images/home/announcements-320.54dab6c70e12.jpg", "images/home/announcements-990.jpg": "images/home/announcements-990.54dab6c70e12.jpg", "images/home/announcements-731.jpg": "images/home/announcements-731.54dab6c70e12.jpg", "images/home/file-990.jpg": "images/home/file-990.b1496d9ecb72.jpg", "images/home/people-990.jpg": "images/home/people-990.73d5b420c95f.jpg", "images/home/notifications-320.jpg": "images/home/notifications-320.a0fa264cc48a.jpg", "images/home/notifications-990.jpg": "images/home/notifications-990.317035c1d711.jpg", "images/home/file-731.jpg": "images/home/file-731.b1496d9ecb72.jpg", "images/home/people-320.jpg": "images/home/people-320.6dbb064d6932.jpg", "images/home/files-731.jpg": "images/home/files-731.b303212de318.jpg", "images/home/rooms-731.jpg": "images/home/rooms-731.1e1d3bb2aac5.jpg", "images/home/file-320.jpg": "images/home/file-320.b1496d9ecb72.jpg", "images/avatars/010-boy.png": "images/avatars/010-boy.3c7b8f1a9dcd.png", "images/avatars/030-girl.png": "images/avatars/030-girl.24cc339ca1d6.png", "images/avatars/009-girl.png": "images/avatars/009-girl.ac3d169f4a0f.png", "images/avatars/046-boy.png": "images/avatars/046-boy.bab62f59e5b3.png", "images/avatars/021-girl.png": "images/avatars/021-girl.1f755bc16cc2.png", "images/avatars/031-girl.png": "images/avatars/031-girl.9334326de7f2.png", "images/avatars/017-boy.png": "images/avatars/017-boy.fc27e6dd1678.png", "images/avatars/024-boy.png": "images/avatars/024-boy.2cadc2189df6.png", "images/avatars/026-girl.png": "images/avatars/026-girl.2844bb497afe.png", "images/avatars/007-girl.png": "images/avatars/007-girl.233670b58c2e.png", "images/avatars/033-boy.png": "images/avatars/033-boy.fe7ec984b153.png", "images/avatars/036-girl.png": "images/avatars/036-girl.2f20c6f5ac93.png", "images/avatars/041-boy.png": "images/avatars/041-boy.da7cdba462d8.png", "images/avatars/005-boy.png": "images/avatars/005-boy.98e20fe15e45.png", "images/avatars/006-boy.png": "images/avatars/006-boy.fecd8decd398.png", "images/avatars/028-boy.png": "images/avatars/028-boy.e0dfa5419669.png", "images/avatars/002-boy.png": "images/avatars/002-boy.f6c0212a7b5c.png", "images/avatars/008-boy.png": "images/avatars/008-boy.def8f34befa8.png", "images/avatars/042-girl.png": "images/avatars/042-girl.c3f1e878afeb.png", "images/avatars/035-girl.png": "images/avatars/035-girl.810fb7845829.png", "images/avatars/038-boy.png": "images/avatars/038-boy.af3db6ba8efb.png", "images/avatars/014-girl.png": "images/avatars/014-girl.068d697e91eb.png", "images/avatars/020-girl.png": "images/avatars/020-girl.997444119ef2.png", "images/avatars/049-boy.png": "images/avatars/049-boy.6ddd6e71a699.png", "images/avatars/016-girl.png": "images/avatars/016-girl.f9697698b6ac.png", "images/avatars/034-boy.png": "images/avatars/034-boy.b9f625e94edc.png", "images/avatars/004-boy.png": "images/avatars/004-boy.2095256f9de0.png", "images/avatars/012-boy.png": "images/avatars/012-boy.815f56b50d6e.png", "images/avatars/043-girl.png": "images/avatars/043-girl.7699975c1d48.png", "images/avatars/018-boy.png": "images/avatars/018-boy.ce8e3b484b89.png", "images/avatars/023-boy.png": "images/avatars/023-boy.312281d9c922.png", "images/avatars/027-boy.png": "images/avatars/027-boy.fb25e0698fe6.png", "images/avatars/047-boy.png": "images/avatars/047-boy.a548f996798d.png", "images/avatars/022-girl.png": "images/avatars/022-girl.24ae489ad855.png", "images/avatars/015-boy.png": "images/avatars/015-boy.70fc0a3b1b5d.png", "images/avatars/040-boy.png": "images/avatars/040-boy.576a73ff6149.png", "images/avatars/029-girl.png": "images/avatars/029-girl.e696df9a9d82.png", "images/avatars/032-girl.png": "images/avatars/032-girl.1de6fac817c8.png", "images/avatars/048-girl.png": "images/avatars/048-girl.252e91524247.png", "images/avatars/039-girl.png": "images/avatars/039-girl.1760a12f479f.png", "images/avatars/044-boy.png": "images/avatars/044-boy.2dffa8cf340d.png", "images/avatars/025-boy.png": "images/avatars/025-boy.d141f67d064c.png", "images/avatars/045-girl.png": "images/avatars/045-girl.f7ed4e01b803.png", "images/avatars/013-boy.png": "images/avatars/013-boy.72d644ff209e.png", "images/avatars/003-girl.png": "images/avatars/003-girl.b97f8764c06f.png", "images/avatars/001-boy.png": "images/avatars/001-boy.baa7d96f63b9.png", "images/avatars/011-girl.png": "images/avatars/011-girl.6d267ec7170b.png", "images/avatars/037-girl.png": "images/avatars/037-girl.bb89c96292c5.png", "images/avatars/019-girl.png": "images/avatars/019-girl.1edf8059b152.png", "rest_framework/fonts/glyphicons-halflings-regular.eot": "rest_framework/fonts/glyphicons-halflings-regular.f4769f9bdb74.eot", "rest_framework/fonts/glyphicons-halflings-regular.ttf": "rest_framework/fonts/glyphicons-halflings-regular.e18bbf611f2a.ttf", "rest_framework/fonts/fontawesome-webfont.woff": "rest_framework/fonts/fontawesome-webfont.3293616ec0c6.woff", "rest_framework/fonts/fontawesome-webfont.eot": "rest_framework/fonts/fontawesome-webfont.8b27bc96115c.eot", "rest_framework/fonts/fontawesome-webfont.ttf": "rest_framework/fonts/fontawesome-webfont.dcb26c7239d8.ttf", "rest_framework/fonts/fontawesome-webfont.svg": "rest_framework/fonts/fontawesome-webfont.83e37a11f9d7.svg", "rest_framework/fonts/glyphicons-halflings-regular.svg": "rest_framework/fonts/glyphicons-halflings-regular.08eda92397ae.svg", "rest_framework/fonts/glyphicons-halflings-regular.woff2": "rest_framework/fonts/glyphicons-halflings-regular.448c34a56d69.woff2", "rest_framework/fonts/glyphicons-halflings-regular.woff": "rest_framework/fonts/glyphicons-halflings-regular.fa2772327f55.woff", "rest_framework/css/font-awesome-4.0.3.css": "rest_framework/css/font-awesome-4.0.3.c1e1ea213abf.css", "rest_framework/css/bootstrap-tweaks.css": "rest_framework/css/bootstrap-tweaks.46ed116b0edd.css", "rest_framework/css/prettify.css": "rest_framework/css/prettify.a987f72342ee.css", "rest_framework/css/bootstrap-theme.min.css": "rest_framework/css/bootstrap-theme.min.66b84a04375e.css", "rest_framework/css/default.css": "rest_framework/css/default.8d5591a6aabc.css", "rest_framework/css/bootstrap.min.css": "rest_framework/css/bootstrap.min.77017a69879a.css", "rest_framework/js/jquery-3.5.1.min.js": "rest_framework/js/jquery-3.5.1.min.dc5e7f18c8d3.js", "rest_framework/js/coreapi-0.1.1.js": "rest_framework/js/coreapi-0.1.1.8851fb9336c9.js", "rest_framework/js/prettify-min.js": "rest_framework/js/prettify-min.709bfcc456c6.js", "rest_framework/js/ajax-form.js": "rest_framework/js/ajax-form.0ea6e6052ab5.js", "rest_framework/js/csrf.js": "rest_framework/js/csrf.969930007329.js", "rest_framework/js/bootstrap.min.js": "rest_framework/js/bootstrap.min.2f34b630ffe3.js", "rest_framework/js/default.js": "rest_framework/js/default.5b08897dbdc3.js", "rest_framework/img/glyphicons-halflings-white.png": "rest_framework/img/glyphicons-halflings-white.9bbc6e960299.png", "rest_framework/img/grid.png": "rest_framework/img/grid.a4b938cf382b.png", "rest_framework/img/glyphicons-halflings.png": "rest_framework/img/glyphicons-halflings.90233c9067e9.png", "images/special-border.png": "images/special-border.0f3b1061dc76.png", "images/logo.svg": "images/logo.2b63a1467cee.svg", "images/logo-color.svg": "images/logo-color.de43282040e7.svg", "images/logo-mono.svg": "images/logo-mono.595a5aaebf54.svg", "images/user-default.svg": "images/user-default.47603aadcdbd.svg", "images/link-preview-image.png": "images/link-preview-image.dbcaeeb4fdf8.png", "css/style.css": "css/style.8bb855e716cd.css", "js/app.js": "js/app.af5ac9f1884d.js", "js/html5-qrcode.min.js": "js/html5-qrcode.min.a9a4325925a2.js"}, "version": "1.0"}